{"accuracy": [0.3582415282726288, 0.36246243119239807, 0.35992273688316345, 0.36206895112991333, 0.36199742555618286, 0.36206895112991333, 0.36206895112991333, 0.36206895112991333, 0.36206895112991333, 0.36206895112991333, 0.36206895112991333, 0.36206895112991333, 0.36206895112991333, 0.36206895112991333, 0.36206895112991333, 0.36206895112991333, 0.36206895112991333, 0.36206895112991333, 0.36206895112991333, 0.36206895112991333, 0.36206895112991333, 0.36206895112991333, 0.36206895112991333, 0.36206895112991333, 0.36206895112991333, 0.36206895112991333, 0.36206895112991333, 0.36206895112991333, 0.36206895112991333, 0.36206895112991333, 0.36206895112991333, 0.36206895112991333, 0.36206895112991333, 0.36206895112991333, 0.36206895112991333, 0.36206895112991333, 0.36206895112991333, 0.36206895112991333, 0.36206895112991333, 0.36206895112991333, 0.36206895112991333, 0.36206895112991333, 0.36206895112991333, 0.36206895112991333, 0.36206895112991333, 0.36206895112991333, 0.36206895112991333, 0.36206895112991333, 0.36206895112991333, 0.36206895112991333, 0.36206895112991333, 0.36206895112991333], "loss": [2.1393203735351562, 1.6820743083953857, 1.6681411266326904, 1.6610815525054932, 1.6568197011947632, 1.6528820991516113, 1.6494982242584229, 1.6468483209609985, 1.6461453437805176, 1.64638352394104, 1.6461488008499146, 1.646199107170105, 1.6460834741592407, 1.6462078094482422, 1.6462559700012207, 1.6462202072143555, 1.6461963653564453, 1.6461312770843506, 1.6462132930755615, 1.646227240562439, 1.646160364151001, 1.6462976932525635, 1.646224021911621, 1.6462618112564087, 1.6462273597717285, 1.6462029218673706, 1.64629328250885, 1.6462665796279907, 1.6461765766143799, 1.646262764930725, 1.6463178396224976, 1.646113634109497, 1.6462833881378174, 1.6461533308029175, 1.6462986469268799, 1.6461429595947266, 1.6462434530258179, 1.646245002746582, 1.6462137699127197, 1.6462408304214478, 1.6462239027023315, 1.6463030576705933, 1.64609694480896, 1.646077036857605, 1.6461013555526733, 1.6460946798324585, 1.6461427211761475, 1.6461220979690552, 1.6461204290390015, 1.6461257934570312, 1.6460392475128174, 1.6461234092712402], "val_accuracy": [0.36949047446250916, 0.36949047446250916, 0.36949047446250916, 0.36949047446250916, 0.36949047446250916, 0.36949047446250916, 0.36949047446250916, 0.36949047446250916, 0.36949047446250916, 0.36949047446250916, 0.36949047446250916, 0.36949047446250916, 0.36949047446250916, 0.36949047446250916, 0.36949047446250916, 0.36949047446250916, 0.36949047446250916, 0.36949047446250916, 0.36949047446250916, 0.36949047446250916, 0.36949047446250916, 0.36949047446250916, 0.36949047446250916, 0.36949047446250916, 0.36949047446250916, 0.36949047446250916, 0.36949047446250916, 0.36949047446250916, 0.36949047446250916, 0.36949047446250916, 0.36949047446250916, 0.36949047446250916, 0.36949047446250916, 0.36949047446250916, 0.36949047446250916, 0.36949047446250916, 0.36949047446250916, 0.36949047446250916, 0.36949047446250916, 0.36949047446250916, 0.36949047446250916, 0.36949047446250916, 0.36949047446250916, 0.36949047446250916, 0.36949047446250916, 0.36949047446250916, 0.36949047446250916, 0.36949047446250916, 0.36949047446250916, 0.36949047446250916, 0.36949047446250916, 0.36949047446250916], "val_loss": [1.7775251865386963, 1.6851460933685303, 1.6204633712768555, 1.6093271970748901, 1.5948905944824219, 1.5932703018188477, 1.5912866592407227, 1.58866286277771, 1.5877679586410522, 1.5887024402618408, 1.589361548423767, 1.5882644653320312, 1.5893588066101074, 1.5894367694854736, 1.5899051427841187, 1.5890419483184814, 1.587982177734375, 1.589072585105896, 1.5887051820755005, 1.5880573987960815, 1.5883222818374634, 1.5873539447784424, 1.5883522033691406, 1.58988356590271, 1.5877352952957153, 1.5892345905303955, 1.590424656867981, 1.5894157886505127, 1.5884207487106323, 1.5886965990066528, 1.588889479637146, 1.5904039144515991, 1.5886204242706299, 1.5868918895721436, 1.5874943733215332, 1.589123010635376, 1.5874139070510864, 1.5886379480361938, 1.5878541469573975, 1.5876444578170776, 1.5900657176971436, 1.5895971059799194, 1.5890281200408936, 1.5879336595535278, 1.5889238119125366, 1.588998556137085, 1.5889722108840942, 1.5887430906295776, 1.5887892246246338, 1.5881400108337402, 1.5889263153076172, 1.5883351564407349], "learning_rate": [0.004999999888241291, 0.004999999888241291, 0.004999999888241291, 0.004999999888241291, 0.004999999888241291, 0.004999999888241291, 0.004999999888241291, 0.004999999888241291, 0.004999999888241291, 0.004999999888241291, 0.004999999888241291, 0.004999999888241291, 0.004999999888241291, 0.004999999888241291, 0.004999999888241291, 0.004999999888241291, 0.004999999888241291, 0.004999999888241291, 0.004999999888241291, 0.004999999888241291, 0.004999999888241291, 0.004999999888241291, 0.004999999888241291, 0.004999999888241291, 0.004999999888241291, 0.004999999888241291, 0.004999999888241291, 0.004999999888241291, 0.004999999888241291, 0.004999999888241291, 0.004999999888241291, 0.004999999888241291, 0.004999999888241291, 0.004999999888241291, 0.004999999888241291, 0.004999999888241291, 0.004999999888241291, 0.004999999888241291, 0.004999999888241291, 0.004999999888241291, 0.004999999888241291, 0.004999999888241291, 0.0024999999441206455, 0.0024999999441206455, 0.0024999999441206455, 0.0024999999441206455, 0.0024999999441206455, 0.0024999999441206455, 0.0024999999441206455, 0.0024999999441206455, 0.0024999999441206455, 0.0024999999441206455]}